EQUIPAMENT;NOM_CARRER;NUM_CARRER_1;CODI_BARRI;CODI_POSTAL;TELEFON_NUM;LATITUD;LONGITUD;NIVELL_ESTR.
Hotel Amrey Sant Pau - HB-004046;Sant Antoni Maria Claret;173;35;8041;934335151;41414013;2177888;2
Hotel Amrey Sant Pau - HB-004046;Sant Antoni Maria Claret;173;35;8041;934335151;41414013;2177888;2
Hotel Sansi Pedralbes - HB-004086;Pearson;1;21;8034;932063880;41393699;2111575;4
Hotel Sansi Pedralbes - HB-004086;Pearson;1;21;8034;932063880;41393699;2111575;4
Hotel Silken Sant Gervasi - HB-004054;Sant Gervasi de Cassoles;26;25;8022;932531740;41404710;2138854;3
Hotel Silken Sant Gervasi - HB-004054;Sant Gervasi de Cassoles;26;25;8022;932531740;41404710;2138854;3
Hotel Attica21 Barcelona Mar - HB-004340;Provençals;10;35;8019;932665200;41405424;2212221;4
Hotel Attica21 Barcelona Mar - HB-004340;Provençals;10;35;8019;932665200;41405424;2212221;4
Abba Sants Hotel - HB-004078;Numància;32;18;8029;936003100;41382599;2140045;4
Abba Sants Hotel - HB-004078;Numància;32;18;8029;936003100;41382599;2140045;4
Euro Hotel Barcelona Diagonal Port - HB-004195;Lope de Vega;4;35;8005;932302000;41400680;2208842;4
Euro Hotel Barcelona Diagonal Port - HB-004195;Lope de Vega;4;35;8005;932302000;41400680;2208842;4
Hotel Garbí Mil·lenni - HB-004157;Sant Pau;14;1;8001;934414177;41376016;2166978;4
Hotel Garbí Mil·lenni - HB-004157;Sant Pau;14;1;8001;934414177;41376016;2166978;4
Hotel Viladomat - HB-004071;Viladomat;197;9;8015;932296565;41383696;2151861;3
Hotel Viladomat - HB-004071;Viladomat;197;9;8015;932296565;41383696;2151861;3
Hotel Front Maritim - HB-004149;Garcia Fària;69;69;8019;933034440;41404064;2214117;4
Hotel Front Maritim - HB-004149;Garcia Fària;69;69;8019;933034440;41404064;2214117;4
Hotel Barcelona Universal - HB-004114;Paral·lel;76;1;8001;935677447;41375188;2168322;4
Hotel Barcelona Universal - HB-004114;Paral·lel;76;1;8001;935677447;41375188;2168322;4
Hotel Catalonia La Pedrera - HB-004094;Còrsega;368;7;8037;932081919;41398721;2162401;4
Hotel Catalonia La Pedrera - HB-004094;Còrsega;368;7;8037;932081919;41398721;2162401;4
Hotel Bcn Urban Gran Ducat - HB-004122;Sant Pere;15;7;8010;933426370;41388770;2171765;3
Hotel Bcn Urban Gran Ducat - HB-004122;Sant Pere;15;7;8010;933426370;41388770;2171765;3
Hotel Ilunion Bel Art - HB-004259;Lepant;406;33;8025;934335440;41410166;2169523;4
Hotel Ilunion Bel Art - HB-004259;Lepant;406;33;8025;934335440;41410166;2169523;4
Hotel H10 Itaca - HB-004151;Roma;22;9;8015;932265594;41381193;2145467;4
Hotel H10 Itaca - HB-004151;Roma;22;9;8015;932265594;41381193;2145467;4
Hotel NH Barcelona del Mar - HB-004161;Espronceda;6;35;8005;913984639;41401596;2210084;4
Hotel NH Barcelona del Mar - HB-004161;Espronceda;6;35;8005;913984639;41401596;2210084;4
Hotel NH Barcelona del Mar - HB-004161;Espronceda;6;35;8005;935029700;41401596;2210084;4
Hotel NH Barcelona del Mar - HB-004161;Espronceda;6;35;8005;935029700;41401596;2210084;4
Hotel Ibis Meridiana - HB-004159;Andreu Nin;9;45;8016;932768310;41433038;2181016;2
Hotel Ibis Meridiana - HB-004159;Andreu Nin;9;45;8016;932768310;41433038;2181016;2
Eurostars Grand Marina Hotel - HB-004155;Barcelona;0;1;8039;936039000;41372956;2180080;5
Eurostars Grand Marina Hotel - HB-004155;Barcelona;0;1;8039;936039000;41372956;2180080;5
Hotel H10 Racó del Pi - HB-004164;Pi;7;2;8002;933426190;41383352;2173961;3
Hotel H10 Racó del Pi - HB-004164;Pi;7;2;8002;933426190;41383352;2173961;3
Hotel Actual - HB-004290;Rosselló;238;7;8008;935520550;41396049;2161133;3
Hotel Actual - HB-004290;Rosselló;238;7;8008;935520550;41396049;2161133;3
Hotel Continental Palacete - HB-004102;Catalunya;30;7;8007;934450050;41389758;2165592;3
Hotel Continental Palacete - HB-004102;Catalunya;30;7;8007;934457657;41389758;2165592;3
Hotel Continental Palacete - HB-004102;Catalunya;30;7;8007;934457657;41389758;2165592;3
Hotel Continental Palacete - HB-004102;Catalunya;30;7;8007;934450050;41389758;2165592;3
Hotel Ronda House - HB-003882;Sant Erasme;19;1;8001;933290004;41381272;2164063;3
Hotel Ronda House - HB-003882;Sant Erasme;19;1;8001;933290004;41381272;2164063;3
Hotel HCC Taber - HB-000317;Aragó;256;7;8007;934873887;41390662;2163139;3
Hotel HCC Taber - HB-000317;Aragó;256;7;8007;934873887;41390662;2163139;3
Barcelona City Hotel - HB-003925;Aragó;281;7;8009;934879762;41393252;2166042;1
Barcelona City Hotel - HB-003925;Aragó;281;7;8009;934879762;41393252;2166042;1
Hotel Europark - HB-003249;Aragó;325;7;8009;934579205;41396332;2170133;3
Hotel Europark - HB-003249;Aragó;325;7;8009;934579205;41396332;2170133;3
Hotel Condado - HB-000066;Aribau;201;26;8021;932002311;41395717;2149507;3
Hotel Condado - HB-000066;Aribau;201;26;8021;932002311;41395717;2149507;3
Hotel Via Augusta - HB-000098;Augusta;63;26;8006;932179250;41400092;2151431;2
Hotel Via Augusta - HB-000098;Augusta;63;26;8006;932179250;41400092;2151431;2
Hotel Arc La Rambla - HB-003885;Rambla;19;1;8002;933019798;41378167;2175593;3
Hotel Arc La Rambla - HB-003885;Rambla;19;1;8002;933019798;41378167;2175593;3
Hotel Cuatro Naciones - HB-000071;Rambla;40;2;8002;933173624;41379277;2175180;2
Hotel Cuatro Naciones - HB-000071;Rambla;40;2;8002;933173624;41379277;2175180;2
Hotel Royal Ramblas - HB-001934;Rambla;117;1;8002;933019400;41384373;2170592;4
Hotel Royal Ramblas - HB-001934;Rambla;117;1;8002;933019400;41384373;2170592;4
Hotel Lloret Ramblas - HB-000025;Rambla;125;1;8002;933173366;41384856;2170227;1
Hotel Lloret Ramblas - HB-000025;Rambla;125;1;8002;933173366;41384856;2170227;1
Hotel Rívoli Ramblas - HB-003878;Rambla;128;2;8002;934817676;41384315;2171183;4
Hotel Rívoli Ramblas - HB-003878;Rambla;128;2;8002;934817676;41384315;2171183;4
Hotel Continental - HB-000053;Rambla;138;2;8002;934457657;41385141;2170647;3
Hotel Continental - HB-000053;Rambla;138;2;8002;934457657;41385141;2170647;3
Hotel Toledano - HB-000480;Rambla;138;2;8002;933010872;41385141;2170647;1
Hotel Toledano - HB-000480;Rambla;138;2;8002;933010872;41385141;2170647;1
Hotel Bonanova Park - HB-003296;Capità Arenas;51;23;8034;932040900;41393100;2124804;2
Hotel Bonanova Park - HB-003296;Capità Arenas;51;23;8034;932040900;41393100;2124804;2
Hotel Aneto - HB-002253;Carme;38;1;8001;933019989;41382081;2169799;1
Hotel Aneto - HB-002253;Carme;38;1;8001;933019989;41382081;2169799;1
Hotel Médicis - HB-003917;Castillejos;340;33;8025;934500053;41410641;2173126;2
Hotel Médicis - HB-003917;Castillejos;340;33;8025;934500053;41410641;2173126;2
NH Collection Barcelona Gran Hotel Calderón - HB-002059;Catalunya;26;7;8007;933010000;41389367;2166122;5
NH Collection Barcelona Gran Hotel Calderón - HB-002059;Catalunya;26;7;8007;933010000;41389367;2166122;5
Hotel Mosaic -  HB-004802;Catalunya;84;7;8008;935220420;41392658;2161612;3
Hotel Mosaic -  HB-004802;Catalunya;84;7;8008;935220420;41392658;2161612;3
Hotel Colón - HB-000049;Catedral;7;2;8002;933011404;41384909;2175750;4
Hotel Colón - HB-000049;Catedral;7;2;8002;933011404;41384909;2175750;4
HCC Hotel St. Moritz - HB-003891;Diputació;262;7;8007;934121500;41390968;2167969;4
HCC Hotel St. Moritz - HB-003891;Diputació;262;7;8007;934121500;41390968;2167969;4
Hotel Acta Antibes - HB-000241;Diputació;394;5;8013;932326211;41398544;2178086;2
Hotel Acta Antibes - HB-000241;Diputació;394;5;8013;932326211;41398544;2178086;2
Hotel Rialto - HB-000026;Ferran;42;2;8002;932689070;41382112;2176494;3
Hotel Rialto - HB-000026;Ferran;42;2;8002;932689070;41382112;2176494;3
Hotel Lyon - HB-000859;General Castaños;6;4;8003;932689070;41383219;2184775;1
Hotel Lyon - HB-000859;General Castaños;6;4;8003;932689070;41383219;2184775;1
Hotel Lyon - HB-000859;General Castaños;6;4;8003;932689060;41383219;2184775;1
Hotel Lyon - HB-000859;General Castaños;6;4;8003;932689060;41383219;2184775;1
Hotel NH Barcelona Barri Gòtic - HB-000329;Ample;31;2;8002;916008146;41380462;2179936;3
Hotel NH Barcelona Barri Gòtic - HB-000329;Ample;31;2;8002;933105100;41380462;2179936;3
Hotel NH Barcelona Barri Gòtic - HB-000329;Ample;31;2;8002;916008146;41380462;2179936;3
Hotel NH Barcelona Barri Gòtic - HB-000329;Ample;31;2;8002;933105100;41380462;2179936;3
Hotel Hilton Barcelona - HB-003892;Diagonal;589;19;8014;934957777;41388923;2131404;4
Hotel Hilton Barcelona - HB-003892;Diagonal;589;19;8014;934957777;41388923;2131404;4
Hotel Reding Croma - HB-003893;Gravina;5;1;8001;934121097;41385328;2165677;3
Hotel Reding Croma - HB-003893;Gravina;5;1;8001;934121097;41385328;2165677;3
Hotel Grupotel Gravina - HB-003865;Gravina;12;1;8001;933016868;41385449;2165837;3
Hotel Grupotel Gravina - HB-003865;Gravina;12;1;8001;933016868;41385449;2165837;3
Hotel Prisma - HB-000114;Josep Tarradellas;119;19;8029;934394207;41389147;2143001;2
Hotel Prisma - HB-000114;Josep Tarradellas;119;19;8029;934394207;41389147;2143001;2
Hotel Avenida Palace - HB-000016;Corts Catalanes;605;7;8007;933019600;41389108;2167405;4
Hotel Avenida Palace - HB-000016;Corts Catalanes;605;7;8007;933019600;41389108;2167405;4
Gran Hotel Havana Silken - HB-003916;Corts Catalanes;647;7;8010;933417000;41392732;2172222;4
Gran Hotel Havana Silken - HB-003916;Corts Catalanes;647;7;8010;933417001;41392732;2172222;4
Gran Hotel Havana Silken - HB-003916;Corts Catalanes;647;7;8010;933417001;41392732;2172222;4
Gran Hotel Havana Silken - HB-003916;Corts Catalanes;647;7;8010;933417000;41392732;2172222;4
Hotel Palace - HB-000064;Corts Catalanes;668;7;8010;935101130;41391594;2171590;5
Hotel Palace - HB-000064;Corts Catalanes;668;7;8010;935101130;41391594;2171590;5
Leonardo Hotel Barcelona Las Ramblas - HB-000085;Junta de Comerç;8;1;8001;934814935;41380109;2171180;3
Leonardo Hotel Barcelona Las Ramblas - HB-000085;Junta de Comerç;8;1;8001;934814935;41380109;2171180;3
Leonardo Hotel Barcelona Las Ramblas - HB-000085;Junta de Comerç;8;1;8001;933188970;41380109;2171180;3
Leonardo Hotel Barcelona Las Ramblas - HB-000085;Junta de Comerç;8;1;8001;933188970;41380109;2171180;3
Aparthotel Augusta - HB-003712;Lincoln;32;27;8006;932183355;41401617;2148332;3
Aparthotel Augusta - HB-003712;Lincoln;32;27;8006;932183355;41401617;2148332;3
Hotel Derby - HB-002794;Loreto;21;19;8029;933223215;41389801;2141994;4
Hotel Derby - HB-002794;Loreto;21;19;8029;933223215;41389801;2141994;4
Hotel Gran Derby Suite - HB-003751;Loreto;28;19;8029;934452544;41390049;2142265;4
Hotel Gran Derby Suite - HB-003751;Loreto;28;19;8029;934452544;41390049;2142265;4
Expo Hotel Barcelona - HB-003580;Mallorca;1;15;8014;936003020;41379211;2142953;4
Expo Hotel Barcelona - HB-003580;Mallorca;1;15;8014;936003020;41379211;2142953;4
Hotel Best Western Premier Hotel Dante - HB-002007;Mallorca;181;8;8036;933232254;41389436;2156523;4
Hotel Best Western Premier Hotel Dante - HB-002007;Mallorca;181;8;8036;933232254;41389436;2156523;4
Hotel Balmes - HB-003888;Mallorca;216;8;8008;934456500;41391207;2159243;4
Hotel Balmes - HB-003888;Mallorca;216;8;8008;934456500;41391207;2159243;4
Alexandra Barcelona, Curio Collection by Hilton Hotel - HB-003851;Mallorca;251;7;8008;934677166;41393227;2161553;4
Alexandra Barcelona, Curio Collection by Hilton Hotel - HB-003851;Mallorca;251;7;8008;934677166;41393227;2161553;4
Hotel Autohogar - HB-000022;Paral·lel;64;1;8001;934439850;41375186;2169417;3
Hotel Autohogar - HB-000022;Paral·lel;64;1;8001;934439850;41375186;2169417;3
Hotel Comercio - HB-000050;Nou de Zurbano;7;2;8002;933437167;41379412;2175930;1
Hotel Comercio - HB-000050;Escudellers;15;2;8002;933187374;41379393;2176101;1
Hotel Comercio - HB-000050;Nou de Zurbano;7;2;8002;933187374;41379412;2175930;1
Hotel Comercio - HB-000050;Escudellers;15;2;8002;933437167;41379393;2176101;1
Hotel Comercio - HB-000050;Nou de Zurbano;7;2;8002;933187374;41379412;2175930;1
Hotel Comercio - HB-000050;Escudellers;15;2;8002;933187374;41379393;2176101;1
Hotel Comercio - HB-000050;Escudellers;15;2;8002;933437167;41379393;2176101;1
Hotel Comercio - HB-000050;Nou de Zurbano;7;2;8002;933437167;41379412;2175930;1
Hotel Oasis - HB-002279;Palau;17;4;8003;933194396;41382752;2184722;2
Hotel Oasis - HB-002279;Palau;17;4;8003;933194396;41382752;2184722;2
Hotel Astoria - HB-000017;París;203;8;8036;932098311;41394000;2153531;3
Hotel Astoria - HB-000017;París;203;8;8036;932098311;41394000;2153531;3
Hotel Trànsit - HB-003839;Rector Triadó;82;15;8014;934246013;41378191;2143067;1
Hotel Trànsit - HB-003839;Rector Triadó;82;15;8014;934246013;41378191;2143067;1
Hotel Renaissance Barcelona - HB-002836;Pau Claris;122;7;8009;932723810;41392789;2167284;5
Hotel Renaissance Barcelona - HB-002836;Pau Claris;122;7;8009;932723810;41392789;2167284;5
Hotel Alguer Camp Nou - HB-003643;Pere Rodríguez;20;20;8028;936817348;41377069;2117899;2
Hotel Alguer Camp Nou - HB-003643;Pere Rodríguez;20;20;8028;936817344;41377069;2117899;2
Hotel Alguer Camp Nou - HB-003643;Pere Rodríguez;20;20;8028;931989949;41377069;2117899;2
Hotel Alguer Camp Nou - HB-003643;Pere Rodríguez;20;20;8028;936817348;41377069;2117899;2
Hotel Alguer Camp Nou - HB-003643;Pere Rodríguez;20;20;8028;936817344;41377069;2117899;2
Hotel Alguer Camp Nou - HB-003643;Pere Rodríguez;20;20;8028;931989949;41377069;2117899;2
Hotel Pelayo - HB-003847;Pelai;9;7;8001;933023727;41385885;2166556;1
Hotel Pelayo - HB-003847;Pelai;9;7;8001;933023727;41385885;2166556;1
Hotel Atlantis by Atbcn - HB-003914;Pelai;20;1;8001;933189012;41385705;2166347;3
Hotel Atlantis by Atbcn - HB-003914;Pelai;20;1;8001;933189012;41385705;2166347;3
Hotel Lleó - HB-000088;Pelai;22;1;8001;933181312;41385694;2166463;3
Hotel Lleó - HB-000088;Pelai;22;1;8001;933181312;41385694;2166463;3
Hotel Monegal - HB-000488;Pelai;62;1;8001;933026566;41385407;2169692;2
Hotel Monegal - HB-000488;Pelai;62;1;8001;934122488;41385407;2169692;2
Hotel Monegal - HB-000488;Pelai;62;1;8001;933026566;41385407;2169692;2
Hotel Monegal - HB-000488;Pelai;62;1;8001;934122488;41385407;2169692;2
Hotel Turín - HB-002532;Pintor Fortuny;9;1;8001;933024812;41383101;2170187;3
Hotel Turín - HB-002532;Pintor Fortuny;9;1;8001;933024812;41383101;2170187;3
Hotel Banys Orientals - HB-004121;Argenteria;37;4;8003;932688460;41383799;2180075;3
Hotel Banys Orientals - HB-004121;Argenteria;37;4;8003;932688460;41383799;2180075;3
Hotel Paral·lel - HB-003901;Poeta Cabanyes;5;11;8004;933291104;41374620;2166008;2
Hotel Paral·lel - HB-003901;Poeta Cabanyes;5;11;8004;933291104;41374620;2166008;2
Hotel Regàs - HB-003850;Regàs;10;26;8006;932380092;41398725;2152126;2
Hotel Regàs - HB-003850;Regàs;10;26;8006;932380092;41398725;2152126;2
Hotel Abbot - HB-003923;Roma;23;9;8029;934300405;41381529;2145012;4
Hotel Abbot - HB-003923;Roma;23;9;8029;934300405;41381529;2145012;4
Hotel Regencia Colón - HB-000023;Sagristans;13;2;8002;933189858;41385366;2175664;3
Hotel Regencia Colón - HB-000023;Sagristans;13;2;8002;933189858;41385366;2175664;3
Hotel Sant Agustí - HB-000030;Sant Agustí;3;1;8001;933181658;41380539;2171618;3
Hotel Sant Agustí - HB-000030;Sant Agustí;3;1;8001;933181658;41380539;2171618;3
Hotel España - HB-000073;Sant Pau;9;1;8001;935500000;41379981;2172856;4
Hotel España - HB-000073;Sant Pau;9;1;8001;935500000;41379981;2172856;4
Hotel Peninsular - HB-003154;Sant Pau;34;1;8001;933023138;41379625;2172519;1
Hotel Peninsular - HB-003154;Sant Pau;34;1;8001;933023138;41379625;2172519;1
Hotel Catalunya - HB-000047;Santa Anna;24;2;8002;933019150;41385485;2171762;2
Hotel Catalunya - HB-000047;Santa Anna;24;2;8002;933019150;41385485;2171762;2
Hotel NH Barcelona Stadium - HB-001969;Corts;150;20;8028;933399050;41381479;2127105;4
Hotel NH Barcelona Stadium - HB-001969;Corts;150;20;8028;933399050;41381479;2127105;4
Hotel NH Les Corts - HB-003666;Corts;292;19;8029;933220811;41387530;2136516;3
Hotel NH Les Corts - HB-003666;Corts;292;19;8029;933220811;41387530;2136516;3
Hotel Everest - HB-000839;Gràcia;441;33;8025;934369800;41411319;2173298;1
Hotel Everest - HB-000839;Gràcia;441;33;8025;934369800;41411319;2173298;1
Hotel Mesón de Castilla Atiram - HB-000042;Valldonzella;5;1;8001;933182182;41384739;2166543;2
Hotel Mesón de Castilla Atiram - HB-000042;Valldonzella;5;1;8001;933182182;41384739;2166543;2
Hotel Regina - HB-000018;Bergara;2;7;8002;933013232;41385991;2167947;4
Hotel Regina - HB-000018;Bergara;2;7;8002;933013232;41385991;2167947;4
Best Western Plus Hotel Alfa Aeropuerto - HB-003859;K Zona Franca;2;12;8040;933362564;41328616;2112493;4
Best Western Plus Hotel Alfa Aeropuerto - HB-003859;K Zona Franca;2;12;8040;933362564;41328616;2112493;4
Hotel Claris - HB-003933;Pau Claris;150;7;8009;934876262;41394490;2165039;5
Hotel Claris - HB-003933;Pau Claris;150;7;8009;934876262;41394490;2165039;5
Hotel NH Collection Barcelona Pódium - HB-003985;Bailèn;4;7;8010;932650202;41391747;2177708;4
Hotel NH Collection Barcelona Pódium - HB-003985;Bailèn;4;7;8010;932650202;41391747;2177708;4
Hotel California - HB-000101;Rauric;14;2;8002;933177766;41380991;2175330;3
Hotel California - HB-000101;Rauric;14;2;8002;933177766;41380991;2175330;3
Hotel Boutique H10 Catalunya Plaza - HB-003965;Catalunya;7;7;8002;933177171;41387013;2168589;3
Hotel Boutique H10 Catalunya Plaza - HB-003965;Catalunya;7;7;8002;933177171;41387013;2168589;3
Hotel Rey Juan Carlos I - HB-003961;Diagonal;661;20;8028;933644040;41383512;2109691;5
Hotel Rey Juan Carlos I - HB-003961;Diagonal;661;20;8028;933644040;41383512;2109691;5
Hotel Acta Azul - HB-003944;Corts Catalanes;327;15;8014;934255161;41373015;2145995;3
Hotel Acta Azul - HB-003944;Corts Catalanes;327;15;8014;934255161;41373015;2145995;3
Hotel Ramblas Barcelona - HB-002912;Rambla;33;1;8002;933015700;41379049;2174900;3
Hotel Ramblas Barcelona - HB-002912;Rambla;33;1;8002;933015700;41379049;2174900;3
Hotel Gaudí - HB-001927;Nou de la Rambla;12;1;8001;933179032;41378956;2174025;3
Hotel Gaudí - HB-001927;Nou de la Rambla;12;1;8001;933179032;41378956;2174025;3
Hotel Adagio - HB-000446;Ferran;21;2;8002;933189061;41381127;2175083;2
Hotel Adagio - HB-000446;Ferran;21;2;8002;933189061;41381127;2175083;2
Hotel Caledonian - HB-004002;Corts Catalanes;574;10;8011;934530200;41384291;2161866;3
Hotel Caledonian - HB-004002;Corts Catalanes;574;10;8011;934530200;41384291;2161866;3
Hotel Call - HB-001122;Arc de Sant Ramon del Call;4;2;8002;933021123;41382293;2175721;1
Hotel Call - HB-001122;Arc de Sant Ramon del Call;4;2;8002;933021123;41382293;2175721;1
Hotel Onix Fira - HB-003971;Llança;30;9;8015;934260087;41376976;2149853;3
Hotel Onix Fira - HB-003971;Llança;30;9;8015;934260087;41376976;2149853;3
Hotel Silken Ramblas - HB-003951;Pintor Fortuny;13;1;8001;933426180;41383005;2170042;4
Hotel Silken Ramblas - HB-003951;Pintor Fortuny;13;1;8001;933426180;41383005;2170042;4
Hotel Acta City 47 - HB-003934;Nicaragua;47;18;8029;933637474;41383543;2140766;4
Hotel Acta City 47 - HB-003934;Nicaragua;47;18;8029;933637474;41383543;2140766;4
Hotel Barbarà - HB-003728;Marquès de Barberà;22;1;8001;933298453;41377810;2171565;1
Hotel Barbarà - HB-003728;Marquès de Barberà;22;1;8001;933298453;41377810;2171565;1
Hotel Oriente Atiram - HB-000080;Rambla;45;1;8002;933022558;41379813;2174228;3
Hotel Oriente Atiram - HB-000080;Rambla;45;1;8002;933022558;41379813;2174228;3
Aparthotel Bonanova Suite - HB-003863;Bisbe Sivilla;7;25;8022;932531563;41405507;2136133;3
Aparthotel Bonanova Suite - HB-003863;Bisbe Sivilla;7;25;8022;932531563;41405507;2136133;3
Hotel Cortes - HB-000319;Santa Anna;25;2;8002;933179112;41385520;2171674;2
Hotel Cortes - HB-000319;Santa Anna;25;2;8002;933179112;41385520;2171674;2
Hotel Moderno - HB-000041;Hospital;11;1;8001;933014224;41381069;2172729;3
Hotel Moderno - HB-000041;Hospital;11;1;8001;933014224;41381069;2172729;3
Hotel Catalonia Albéniz - HB-003939;Aragó;591;64;8026;932652626;41408175;2185855;3
Hotel Catalonia Albéniz - HB-003939;Aragó;591;64;8026;932652626;41408175;2185855;3
Hotel Catalonia Plaça Catalunya - HB-003846;Bergara;11;7;8002;933015151;41386403;2168452;4
Hotel Catalonia Plaça Catalunya - HB-003846;Bergara;11;7;8002;933015151;41386403;2168452;4
Hotel Catalonia Barcelona 505 - HB-003795;Muntaner;505;25;8022;932128012;41403280;2137270;4
Hotel Catalonia Barcelona 505 - HB-003795;Muntaner;505;25;8022;932128012;41403280;2137270;4
Hotel Majestic - HB-000038;Gràcia;68;7;8008;934922244;41393493;2163832;5
Hotel Majestic - HB-000038;Gràcia;68;7;8008;934881717;41393493;2163832;5
Hotel Majestic - HB-000038;Gràcia;68;7;8008;934922244;41393493;2163832;5
Hotel Majestic - HB-000038;Gràcia;68;7;8008;934881717;41393493;2163832;5
Hotel Melià Barcelona Sarrià- HB-003463;Sarrià;50;19;8029;934106060;41390933;2141777;5
Hotel Melià Barcelona Sarrià- HB-003463;Sarrià;50;19;8029;934106060;41390933;2141777;5
Hotel Exe Cristal Palace - HB-000372;Diputació;257;7;8007;933930970;41389827;2166093;4
Hotel Exe Cristal Palace - HB-000372;Diputació;257;7;8007;933930970;41389827;2166093;4
Hotel Condal - HB-000051;Boqueria;23;2;8002;933181882;41381568;2174270;2
Hotel Condal - HB-000051;Boqueria;23;2;8002;933181882;41381568;2174270;2
Hotel Suizo - HB-000002;Àngel;12;2;8002;932689070;41383818;2178328;3
Hotel Suizo - HB-000002;Àngel;12;2;8002;933106108;41383818;2178328;3
Hotel Suizo - HB-000002;Àngel;12;2;8002;932689070;41383818;2178328;3
Hotel Suizo - HB-000002;Àngel;12;2;8002;933106108;41383818;2178328;3
Hotel Catalonia Roma - HB-003873;Roma;31;9;8029;934106633;41381909;2145876;3
Hotel Catalonia Roma - HB-003873;Roma;31;9;8029;934106633;41381909;2145876;3
Hotel NH Hesperia Barcelona Presidente - HB-001911;Diagonal;570;26;8021;932002111;41394140;2148999;4
Hotel NH Hesperia Barcelona Presidente - HB-001911;Diagonal;570;26;8021;932002111;41394140;2148999;4
Hotel Le Meridien Barcelona - HB-000039;Rambla;111;1;8002;933186200;41383906;2170935;5
Hotel Le Meridien Barcelona - HB-000039;Rambla;111;1;8002;933186200;41383906;2170935;5
Hotel Barcelona Century - HB-003970;València;154;8;8011;934534400;41386178;2154824;3
Hotel Barcelona Century - HB-003970;València;154;8;8011;934534400;41386178;2154824;3
Aparthotel Atenea Barcelona - HB-003991;Joan Güell;207;19;8028;934906640;41386265;2129516;4
Aparthotel Atenea Barcelona - HB-003991;Joan Güell;207;19;8028;934906640;41386265;2129516;4
Hotel Catalonia Barcelona Plaza - HB-003967;Espanya;6;15;8004;934262600;41375460;2148409;4
Hotel Catalonia Barcelona Plaza - HB-003967;Espanya;6;15;8004;934262600;41375460;2148409;4
Hotel Arts Barcelona - HB-003984;Marina;19;3;8005;932211000;41387112;2196582;5
Hotel Arts Barcelona - HB-003984;Marina;19;3;8005;932211000;41387112;2196582;5
Hotel Mercure Barcelona Condor - HB-003342;Augusta;127;26;8006;932094511;41400008;2145249;4
Hotel Mercure Barcelona Condor - HB-003342;Augusta;127;26;8006;932094511;41400008;2145249;4
Hotel Barcelona Apolo - HB-003988;Paral·lel;57;11;8004;933430000;41374782;2170344;4
Hotel Barcelona Apolo - HB-003988;Paral·lel;57;11;8004;933430000;41374782;2170344;4
Hotel Internacional Rambla Atiram - HB-000035;Rambla;78;2;8002;935151723;41381124;2173601;1
Hotel Internacional Rambla Atiram - HB-000035;Rambla;78;2;8002;935151723;41381124;2173601;1
Hotel Catalonia Atenas - HB-003809;Meridiana;151;64;8026;932322011;41410996;2186588;4
Hotel Catalonia Atenas - HB-003809;Meridiana;151;64;8026;932322011;41410996;2186588;4
Hotel Catalonia Diagonal Centro - HB-003918;Balmes;142;7;8008;934159090;41393900;2156816;4
Hotel Catalonia Diagonal Centro - HB-003918;Balmes;142;7;8008;934159090;41393900;2156816;4
Hotel Marina Folch - HB-002644;Mar;16;3;8003;933103709;41380819;2187498;1
Hotel Marina Folch - HB-002644;Mar;16;3;8003;933103709;41380819;2187498;1
Arenas Atiram Hotel - HB-003272;Capità Arenas;20;21;8034;932800303;41390447;2126263;4
Arenas Atiram Hotel - HB-003272;Capità Arenas;20;21;8034;932800303;41390447;2126263;4
HCC Hotel Regente - HB-002057;Catalunya;76;7;8008;934875989;41392233;2162201;4
HCC Hotel Regente - HB-002057;Catalunya;76;7;8008;934875989;41392233;2162201;4
Hotel Coronado - HB-003443;Nou de la Rambla;134;11;8004;934423448;41373383;2168250;1
Hotel Coronado - HB-003443;Nou de la Rambla;134;11;8004;934423448;41373383;2168250;1
Aparthotel Citadines Barcelona Ramblas - HB-003992;Rambla;122;2;8002;932701111;41383870;2171471;3
Aparthotel Citadines Barcelona Ramblas - HB-003992;Rambla;122;2;8002;932701111;41383870;2171471;3
Park Hotel - HB-000082;Marquès de l'Argentera;11;4;8003;933196000;41384254;2184380;3
Park Hotel - HB-000082;Marquès de l'Argentera;11;4;8003;933196000;41384254;2184380;3
Hotel NH Barcelona Eixample - HB-003860;València;105;8;8011;933236215;41386030;2154254;3
Hotel NH Barcelona Eixample - HB-003860;València;105;8;8011;933236215;41386030;2154254;3
Hotel Ilunion Almirante - HB-003906;Laietana;42;4;8003;932683020;41386101;2176154;4
Hotel Ilunion Almirante - HB-003906;Laietana;42;4;8003;932683020;41386101;2176154;4
Hotel Glòries - HB-004012;Padilla;173;5;8013;932650808;41401167;2183000;3
Hotel Glòries - HB-004012;Padilla;173;5;8013;932650808;41401167;2183000;3
Hotel Ginebra - HB-002395;Catalunya;1;7;8007;932502017;41387546;2168066;1
Hotel Ginebra - HB-002395;Catalunya;1;7;8007;932502017;41387546;2168066;1
Hotel Roma Reial - HB-000063;Reial;11;2;8002;933020366;41380084;2175830;1
Hotel Roma Reial - HB-000063;Reial;11;2;8002;933020366;41380084;2175830;1
Hotel Cantón - HB-002816;Nou de Sant Francesc;40;2;8002;933173019;41378538;2178074;1
Hotel Cantón - HB-002816;Nou de Sant Francesc;40;2;8002;933173019;41378538;2178074;1
Hotel Crowne Plaza Barcelona - Fira Center - HB-003940;Rius i Taulet;1;11;8004;934262223;41372732;2154570;4
Hotel Crowne Plaza Barcelona - Fira Center - HB-003940;Rius i Taulet;1;11;8004;934262223;41372732;2154570;4
Gran Hotel Barcino - HB-003969;Jaume I;6;2;8002;933022012;41383145;2177796;4
Gran Hotel Barcino - HB-003969;Jaume I;6;2;8002;933022012;41383145;2177796;4
Monument Hotel - HB-003797;Gràcia;75;7;8008;935482000;41393948;2162240;5
Monument Hotel - HB-003797;Gràcia;75;7;8008;935482000;41393948;2162240;5
Hotel chic&basic Velvet - HB-003947;Consell de Cent;74;9;8015;934234647;41379270;2150170;3
Hotel chic&basic Velvet - HB-003947;Consell de Cent;74;9;8015;934234647;41379270;2150170;3
Hotel Catalonia Sagrada Família - HB-003791;Aragó;569;64;8026;932458905;41407532;2185000;3
Hotel Catalonia Sagrada Família - HB-003791;Aragó;569;64;8026;932458905;41407532;2185000;3
Hotel Santa Marta - HB-000495;General Castaños;14;4;8003;933194427;41383682;2185168;2
Hotel Santa Marta - HB-000495;General Castaños;14;4;8003;933194427;41383682;2185168;2
Hotel Gótico - HB-001219;Jaume I;14;2;8002;932689070;41383491;2178244;4
Hotel Gótico - HB-001219;Jaume I;14;2;8002;933152211;41383491;2178244;4
Hotel Gótico - HB-001219;Jaume I;14;2;8002;932689070;41383491;2178244;4
Hotel Gótico - HB-001219;Jaume I;14;2;8002;933152211;41383491;2178244;4
Hotel Urquinaona - HB-001950;Sant Pere;24;7;8010;932681336;41389345;2174164;1
Hotel Urquinaona - HB-001950;Sant Pere;24;7;8010;932681336;41389345;2174164;1
Hotel Catalonia Portal de l'Àngel - HB-004036;Portal de l'Àngel;17;2;8002;933184141;41385604;2172966;3
Hotel Catalonia Portal de l'Àngel - HB-004036;Portal de l'Àngel;17;2;8002;933184141;41385604;2172966;3
BCN Urban Hotels del Comte - HB-004038;Diputació;142;9;8015;933231258;41382725;2157022;2
BCN Urban Hotels del Comte - HB-004038;Diputació;142;9;8015;933231258;41382725;2157022;2
Hotel Acta Splendid - HB-004050;Muntaner;2;10;8011;934512142;41384053;2163054;3
Hotel Acta Splendid - HB-004050;Muntaner;2;10;8011;934512142;41384053;2163054;3
Hotel Flor Parks - HB-004026;Rambla;70;2;8002;933429760;41380730;2173954;3
Hotel Flor Parks - HB-004026;Rambla;70;2;8002;933429760;41380730;2173954;3
Hotel Aristol - HB-004077;Cartagena;369;33;8025;934335100;41413394;2171291;3
Hotel Aristol - HB-004077;Cartagena;369;33;8025;934335100;41413394;2171291;3
Hotel Colors - HB-004117;Campoamor;79;43;8031;932749920;41435333;2153869;1
Hotel Colors - HB-004117;Campoamor;79;43;8031;932749920;41435333;2153869;1
Pol & Grace Hotel - HB-004074;Guillem Tell;49;27;8006;934154000;41401784;2147771;4
Pol & Grace Hotel - HB-004074;Guillem Tell;49;27;8006;934154000;41401784;2147771;4
Hotel HCC Montblanc - HB-004088;Laietana;61;2;8003;933435555;41387762;2173579;3
Hotel HCC Montblanc - HB-004088;Laietana;61;2;8003;933435555;41387762;2173579;3
Hotel Exe Laietana Palace - HB-004101;Laietana;17;2;8003;932687940;41383411;2179345;4
Hotel Exe Laietana Palace - HB-004101;Laietana;17;2;8003;932687940;41383411;2179345;4
Hotel Tres Torres Atiram - HB-004075;Calatrava;32;24;8017;934177300;41399931;2130005;3
Hotel Tres Torres Atiram - HB-004075;Calatrava;32;24;8017;934177300;41399931;2130005;3
Hotel Catalonia Barcelona Golf - HB-004084;Gràcia;72;26;8006;932386828;41397160;2151423;3
Hotel Catalonia Barcelona Golf - HB-004084;Gràcia;72;26;8006;932386828;41397160;2151423;3
Hotel America - HB-004153;Provença;195;8;8008;934876292;41391854;2157316;4
Hotel America - HB-004153;Provença;195;8;8008;934876292;41391854;2157316;4
Hotel Spa Senator Barcelona - HB-004145;Cardenal Reig;11;20;8028;932609900;41377017;2113861;4
Hotel Spa Senator Barcelona - HB-004145;Cardenal Reig;11;20;8028;932609900;41377017;2113861;4
Hotel H10 Marina Barcelona - HB-004190;Bogatell;64;67;8005;933097917;41393097;2192431;4
Hotel H10 Marina Barcelona - HB-004190;Bogatell;64;67;8005;933097917;41393097;2192431;4
Hotel Barceló Sants - HB-003954;Països Catalans;0;18;8014;935035300;41379556;2140826;4
Hotel Barceló Sants - HB-003954;Països Catalans;0;18;8014;935035300;41379556;2140826;4
Hotel Balmoral - HB-002606;Augusta;5;26;8006;932178700;41396207;2155198;4
Hotel Balmoral - HB-002606;Augusta;5;26;8006;932178700;41396207;2155198;4
Hotel Catalonia Castellnou - HB-003785;Castellnou;61;24;8017;932030550;41396492;2128643;3
Hotel Catalonia Castellnou - HB-003785;Castellnou;61;24;8017;932030550;41396492;2128643;3
Hotel Fornos - HB-000011;Rambla;44;2;8002;933182024;41379591;2174928;2
Hotel Fornos - HB-000011;Rambla;44;2;8002;933182024;41379591;2174928;2
Hotel Granvía - HB-000012;Corts Catalanes;642;7;8007;933181900;41390050;2169534;3
Hotel Granvía - HB-000012;Corts Catalanes;642;7;8007;933181900;41390050;2169534;3
Hotel Inglés - HB-000034;Boqueria;19;2;8002;933173770;41381497;2173992;1
Hotel Inglés - HB-000034;Boqueria;19;2;8002;933173770;41381497;2173992;1
Hotel Nouvel - HB-000078;Santa Anna;18;2;8002;933018274;41385303;2171553;3
Hotel Nouvel - HB-000078;Santa Anna;18;2;8002;933018274;41385303;2171553;3
Hotel U232 - HB-002733;Comte d'Urgell;232;8;8036;933224153;41389552;2149064;4
Hotel U232 - HB-002733;Comte d'Urgell;232;8;8036;933224153;41389552;2149064;4
Hotel DingDong Putxet - HB-000328;Ballester;11;27;8023;932120350;41405921;2144672;2
Hotel DingDong Putxet - HB-000328;Ballester;11;27;8023;932120350;41405921;2144672;2
Alimara Barcelona Hotel - HB-004010;Berruguete;126;41;8035;934270000;41433784;2147360;4
Alimara Barcelona Hotel - HB-004010;Berruguete;126;41;8035;934270000;41433784;2147360;4
Hotel Roger de Lluria - HB-004097;Roger de Llúria;28;7;8010;933436080;41391100;2171784;4
Hotel Roger de Lluria - HB-004097;Roger de Llúria;28;7;8010;933436080;41391100;2171784;4
Hotel Catalonia Park Güell - HB-003790;Mare de Déu del Coll;10;29;8023;932191204;41414362;2144828;3
Hotel Catalonia Park Güell - HB-003790;Mare de Déu del Coll;10;29;8023;932191204;41414362;2144828;3
Hotel Turó de Vilana - HB-004027;Vilana;7;25;8017;934340371;41404913;2128851;4
Hotel Turó de Vilana - HB-004027;Vilana;7;25;8017;934340363;41404913;2128851;4
Hotel Turó de Vilana - HB-004027;Vilana;7;25;8017;934340363;41404913;2128851;4
Hotel Turó de Vilana - HB-004027;Vilana;7;25;8017;934340371;41404913;2128851;4
Hotel Exe Mitre - HB-003687;Bertran;9;27;8023;932121104;41405041;2140615;3
Hotel Exe Mitre - HB-003687;Bertran;9;27;8023;932121104;41405041;2140615;3
Hotel  HG City Suites Barcelona - HB-003821;Augusta;89;26;8006;932373940;41400865;2150038;4
Hotel  HG City Suites Barcelona - HB-003821;Augusta;89;26;8006;932373940;41400865;2150038;4
Hotel  Catalonia  Park Putxet - HB-003757;Putxet;68;27;8023;932125158;41407366;2144203;4
Hotel  Catalonia  Park Putxet - HB-003757;Putxet;68;27;8023;932125158;41407366;2144203;4
Hotel Catalonia Mikado - HB-003754;Bonanova;58;25;8017;932114166;41403242;2127135;3
Hotel Catalonia Mikado - HB-003754;Bonanova;58;25;8017;932114166;41403242;2127135;3
Hotel NH Entenza - HB-003972;Equador;20;19;8029;916008146;41385718;2140527;3
Hotel NH Entenza - HB-003972;Equador;20;19;8029;916008146;41385718;2140527;3
Hotel NH Entenza - HB-003972;Equador;20;19;8029;934193636;41385718;2140527;3
Hotel NH Entenza - HB-003972;Equador;20;19;8029;934193636;41385718;2140527;3
Hotel Rekord - HB-003805;Muntaner;352;26;8021;932001953;41398568;2143853;4
Hotel Rekord - HB-003805;Muntaner;352;26;8021;934145084;41398568;2143853;4
Hotel Rekord - HB-003805;Muntaner;352;26;8021;934145084;41398568;2143853;4
Hotel Rekord - HB-003805;Muntaner;352;26;8021;932001953;41398568;2143853;4
Midmost Hotel - HB-004058;Pelai;14;1;8001;935051100;41385740;2165960;4
Midmost Hotel - HB-004058;Pelai;14;1;8001;934922244;41385740;2165960;4
Midmost Hotel - HB-004058;Pelai;14;1;8001;935051100;41385740;2165960;4
Midmost Hotel - HB-004058;Pelai;14;1;8001;934922244;41385740;2165960;4
Hotel Annex - HB-000947;Jaume I;8;2;8002;933106208;41383257;2177944;1
Hotel Annex - HB-000947;Jaume I;8;2;8002;933106208;41383257;2177944;1
Hotel Four Points By Sheraton Barcelona Diagonal - HB-004103;Diagonal;161;68;8018;934868800;41405404;2196215;3
Hotel Four Points By Sheraton Barcelona Diagonal - HB-004103;Diagonal;161;68;8018;934868800;41405404;2196215;3
Hotel Catalonia Born - HB-004410;Rec Comtal;16;4;8003;932688600;41389772;2179950;4
Hotel Catalonia Born - HB-004410;Rec Comtal;16;4;8003;932688600;41389772;2179950;4
Hotel Vilamarí - HB-004177;Vilamarí;34;10;8015;932890909;41376707;2152462;4
Hotel Vilamarí - HB-004177;Vilamarí;34;10;8015;932890909;41376707;2152462;4
Hotel Sixtytwo Barcelona - HB-004200;Gràcia;62;7;8007;932724180;41392954;2164502;4
Hotel Sixtytwo Barcelona - HB-004200;Gràcia;62;7;8007;932724180;41392954;2164502;4
Hotel Catalonia Eixample 1864 - HB-004249;Roger de Llúria;60;7;8009;932720050;41393617;2168454;4
Hotel Catalonia Eixample 1864 - HB-004249;Roger de Llúria;60;7;8009;932720050;41393617;2168454;4
Gran Hotel La Florida - HB-004263;Vallvidrera al Tibidabo;83;22;8035;932593000;41425670;2121258;5
Gran Hotel La Florida - HB-004263;Vallvidrera al Tibidabo;83;22;8035;932593000;41425670;2121258;5
Hotel Vincci Marítimo - HB-004286;Llull;340;35;8019;933562600;41408110;2212535;4
Hotel Vincci Marítimo - HB-004286;Llull;340;35;8019;933562600;41408110;2212535;4
Hotel AC Irla - HB-004304;Calvet;40;26;8021;932416210;41394843;2143500;4
Hotel AC Irla - HB-004304;Calvet;40;26;8021;932416210;41394843;2143500;4
Hotel Acta Atrium Palace - HB-004270;Corts Catalanes;656;7;8010;933428000;41390947;2170726;4
Hotel Acta Atrium Palace - HB-004270;Corts Catalanes;656;7;8010;933428000;41390947;2170726;4
Hotel Pere IV - HB-004233;Pallars;128;66;8018;933209650;41397033;2192397;4
Hotel Pere IV - HB-004233;Pallars;128;66;8018;933209650;41397033;2192397;4
Hotel Aranea - HB-004230;Consell de Cent;444;5;8013;932477474;41398539;2175791;3
Hotel Aranea - HB-004230;Consell de Cent;444;5;8013;932477474;41398539;2175791;3
Axel Hotel Barcelona - HB-004327;Aribau;33;8;8011;933239393;41387490;2160402;4
Axel Hotel Barcelona - HB-004327;Aribau;33;8;8011;933239393;41387490;2160402;4
Hotel Sansi Diputació - HB-004194;Diputació;234;7;8007;933040707;41388356;2164509;4
Hotel Sansi Diputació - HB-004194;Diputació;234;7;8007;933040707;41388356;2164509;4
Hotel Melia Barcelona Sky - HB-004358;Pere IV;272;68;8005;933672051;41406288;2200643;4
Hotel Melia Barcelona Sky - HB-004358;Pere IV;272;68;8005;933672051;41406288;2200643;4
Hotel Melia Barcelona Sky - HB-004358;Pere IV;272;68;8005;933672050;41406288;2200643;4
Hotel Melia Barcelona Sky - HB-004358;Pere IV;272;68;8005;933672050;41406288;2200643;4
Hotel Occidental Atenea Mar - HB-004204;Garcia Fària;37;35;8019;935316040;41402453;2211837;4
Hotel Occidental Atenea Mar - HB-004204;Garcia Fària;37;35;8019;935316040;41402453;2211837;4
Hotel Evenia Rosselló - HB-004183;Rosselló;191;8;8036;934091490;41392434;2154994;4
Hotel Evenia Rosselló - HB-004183;Rosselló;191;8;8036;932386355;41392434;2154994;4
Hotel Evenia Rosselló - HB-004183;Rosselló;191;8;8036;932386355;41392434;2154994;4
Hotel Evenia Rosselló - HB-004183;Rosselló;191;8;8036;934091490;41392434;2154994;4
Hotel Evenia Rocafort - HB-004197;Rocafort;25;10;8015;932892400;41376264;2157193;3
Hotel Evenia Rocafort - HB-004197;Rocafort;25;10;8015;934091490;41376264;2157193;3
Hotel Evenia Rocafort - HB-004197;Rocafort;25;10;8015;934091490;41376264;2157193;3
Hotel Evenia Rocafort - HB-004197;Rocafort;25;10;8015;932892400;41376264;2157193;3
Hotel Onix Rambla - HB-004162;Catalunya;24;7;8007;933427980;41389206;2166346;3
Hotel Onix Rambla - HB-004162;Catalunya;24;7;8007;933427980;41389206;2166346;3
Hotel Jazz - HB-004227;Pelai;3;7;8001;935529696;41385944;2165880;3
Hotel Jazz - HB-004227;Pelai;3;7;8001;935529696;41385944;2165880;3
Hotel Barcelona Princess - HB-004302;Diagonal;1;35;8019;933561000;41411004;2218582;4
Hotel Barcelona Princess - HB-004302;Diagonal;1;35;8019;933561000;41411004;2218582;4
Hotel Constanza - HB-004138;Bruc;33;7;8010;932701910;41391625;2172976;2
Hotel Constanza - HB-004138;Bruc;33;7;8010;932701910;41391625;2172976;2
Hotel Silken Concordia - HB-004220;Paral·lel;115;11;8004;933249180;41374835;2161182;4
Hotel Silken Concordia - HB-004220;Paral·lel;115;11;8004;933249180;41374835;2161182;4
AC Hotel Barcelona Fòrum - HB-004223;Taulat;278;35;8019;934898200;41410186;2218715;4
AC Hotel Barcelona Fòrum - HB-004223;Taulat;278;35;8019;934898200;41410186;2218715;4
Hotel Casa Fuster - HB-004219;Gràcia;132;31;8008;932553000;41398016;2158034;5
Hotel Casa Fuster - HB-004219;Gràcia;132;31;8008;932553000;41398016;2158034;5
Leonardo Hotel Barcelona Gran Via - HB-004212;Diputació;100;9;8015;934814935;41381127;2154899;3
Leonardo Hotel Barcelona Gran Via - HB-004212;Diputació;100;9;8015;935534760;41381127;2154899;3
Leonardo Hotel Barcelona Gran Via - HB-004212;Diputació;100;9;8015;934814935;41381127;2154899;3
Leonardo Hotel Barcelona Gran Via - HB-004212;Diputació;100;9;8015;935534760;41381127;2154899;3
Hotel Barcelona Center - HB-004296;Balmes;103;8;8008;932730000;41391749;2159284;4
Hotel Barcelona Center - HB-004296;Balmes;103;8;8008;932730000;41391749;2159284;4
Hotel Miramar - HB-004370;Carlos Ibáñez;3;11;8038;932811600;41370825;2171038;5
Hotel Miramar - HB-004370;Carlos Ibáñez;3;11;8038;932811600;41370825;2171038;5
Hotel Pulitzer - HB-004213;Bergara;8;7;8002;934816767;41386155;2168382;4
Hotel Pulitzer - HB-004213;Bergara;8;7;8002;934816767;41386155;2168382;4
Hotel NH La Maquinista - HB-004210;Sao Paulo;33;59;8030;916008146;41439296;2199885;3
Hotel NH La Maquinista - HB-004210;Sao Paulo;33;59;8030;916008146;41439296;2199885;3
Hotel NH La Maquinista - HB-004210;Sao Paulo;33;59;8030;932745370;41439296;2199885;3
Hotel NH La Maquinista - HB-004210;Sao Paulo;33;59;8030;932745370;41439296;2199885;3
Nobu Hotel Barcelona - HB-004350;Roma;2;15;8014;934936026;41379766;2142414;4
Nobu Hotel Barcelona - HB-004350;Roma;2;15;8014;934936026;41379766;2142414;4
Hotel Serhs Carlit - HB-004160;Diputació;383;7;8013;935052600;41397168;2175871;3
Hotel Serhs Carlit - HB-004160;Diputació;383;7;8013;935052600;41397168;2175871;3
Hotel Acevi Villarroel - HB-004189;Villarroel;106;8;8011;934520000;41385365;2156795;4
Hotel Acevi Villarroel - HB-004189;Villarroel;106;8;8011;934520000;41385365;2156795;4
Hotel HLG Citypark Pelai - HB-004236;Pelai;1;7;8001;933427020;41385984;2165463;2
Hotel HLG Citypark Pelai - HB-004236;Pelai;1;7;8001;933427020;41385984;2165463;2
Hotel Sunotel Junior - HB-004278;Sarrià;9;9;8029;933633501;41389839;2147359;2
Hotel Sunotel Junior - HB-004278;Sarrià;9;9;8029;933633501;41389839;2147359;2
Hotel Zenit Borrell - HB-004214;Comte Borrell;208;9;8029;934525566;41385993;2151453;4
Hotel Zenit Borrell - HB-004214;Comte Borrell;208;9;8029;934525566;41385993;2151453;4
Sercotel Ámister Art Hotel - HB-004243;Roma;93;9;8029;933633468;41384358;2151503;4
Sercotel Ámister Art Hotel - HB-004243;Roma;93;9;8029;933633468;41384358;2151503;4
Hotel SB Icària Barcelona - HB-004247;Icària;195;67;8005;932218200;41393548;2199396;4
Hotel SB Icària Barcelona - HB-004247;Icària;195;67;8005;932218200;41393548;2199396;4
Hotel Cram - HB-004231;Aribau;54;8;8011;932167700;41388074;2159993;4
Hotel Cram - HB-004231;Aribau;54;8;8011;932167700;41388074;2159993;4
Hotel Sagrada Família - HB-004201;Còrsega;541;6;8025;934366115;41405910;2171589;3
Hotel Sagrada Família - HB-004201;Còrsega;541;6;8025;934366115;41405910;2171589;3
Hotel SERHS del Port - HB-004303;Paral·lel;40;1;8001;932308500;41375024;2172499;3
Hotel SERHS del Port - HB-004303;Paral·lel;40;1;8001;932308500;41375024;2172499;3
B-Hotel - HB-004319;Corts Catalanes;389;9;8015;935529500;41376533;2150571;3
B-Hotel - HB-004319;Corts Catalanes;389;9;8015;935529500;41376533;2150571;3
Hotel 1898 - HB-004349;Rambla;109;1;8002;935529552;41383519;2171211;4
Hotel 1898 - HB-004349;Rambla;109;1;8002;935529552;41383519;2171211;4
Hotel Soho - HB-004412;Corts Catalanes;543;8;8011;935529610;41383480;2159915;3
Hotel Soho - HB-004412;Corts Catalanes;543;8;8011;935529610;41383480;2159915;3
Hotel The Gates Hotel Diagonal Barcelona- HB-004207;Diagonal;205;66;8018;934895300;41403931;2190335;4
Hotel The Gates Hotel Diagonal Barcelona- HB-004207;Diagonal;205;66;8018;934895309;41403931;2190335;4
Hotel The Gates Hotel Diagonal Barcelona- HB-004207;Diagonal;205;66;8018;934895300;41403931;2190335;4
Hotel The Gates Hotel Diagonal Barcelona- HB-004207;Diagonal;205;66;8018;934895309;41403931;2190335;4
H10 Universitat - HB-004211;Universitat;21;7;8007;933427850;41386853;2166651;4
H10 Universitat - HB-004211;Universitat;21;7;8007;933427850;41386853;2166651;4
Hotel Ilunion Auditori - HB-004283;Sicília;166;5;8013;932437600;41395921;2181201;3
Hotel Ilunion Auditori - HB-004283;Sicília;166;5;8013;932437600;41395921;2181201;3
Hotel Medinaceli - HB-004353;Duc de Medinaceli;8;2;8002;934817725;41378203;2178670;4
Hotel Medinaceli - HB-004353;Duc de Medinaceli;8;2;8002;934817725;41378203;2178670;4
Hotel del Mar - HB-002726;Palau;19;4;8003;933193302;41382098;2184051;3
Hotel del Mar - HB-002726;Palau;19;4;8003;933193302;41382098;2184051;3
Hotel del Mar - HB-002726;Palau;19;4;8003;932689070;41382098;2184051;3
Hotel del Mar - HB-002726;Palau;19;4;8003;932689070;41382098;2184051;3
Hotel Casa Camper Barcelona - HB-004209;Elisabets;11;1;8001;933426280;41383298;2168518;4
Hotel Casa Camper Barcelona - HB-004209;Elisabets;11;1;8001;933426280;41383298;2168518;4
Hotel Nuevo Triunfo - HB-004090;Cabanes;34;11;8004;934425933;41373198;2169992;2
Hotel Nuevo Triunfo - HB-004090;Cabanes;34;11;8004;934425933;41373198;2169992;2
Hotel Hilton Diagonal Mar - HB-004202;Taulat;262;35;8019;935070707;41408271;2218385;5
Hotel Hilton Diagonal Mar - HB-004202;Taulat;262;35;8019;935070707;41408271;2218385;5
Hotel Barcelona Condal Mar by Meliá - HB-004378;Cristóbal de Moura;138;71;8019;933077727;41412675;2209112;4
Hotel Barcelona Condal Mar by Meliá - HB-004378;Cristóbal de Moura;138;71;8019;933077727;41412675;2209112;4
Gran Hotel Central Barcelona- HB-004280;Laietana;30;4;8003;932957900;41384946;2177677;5
Gran Hotel Central Barcelona- HB-004280;Laietana;30;4;8003;932957900;41384946;2177677;5
Hotel Eurostars Monumental - HB-004478;Consell de Cent;498;5;8013;932320288;41400634;2178586;4
Hotel Eurostars Monumental - HB-004478;Consell de Cent;498;5;8013;932320288;41400634;2178586;4
Abba Rambla Hotel - HB-004380;Raval;4;1;8001;935055400;41379471;2167913;3
Abba Rambla Hotel - HB-004380;Raval;4;1;8001;935055400;41379471;2167913;3
Hotel chic&basic Born Boutique - HB-004452;Princesa;50;4;8003;932954652;41386838;2182548;3
Hotel chic&basic Born Boutique - HB-004452;Princesa;50;4;8003;932954652;41386838;2182548;3
Hotel Ronda Lesseps - HB-004338;Ballester;77;28;8023;932544300;41408747;2147877;4
Hotel Ronda Lesseps - HB-004338;Ballester;77;28;8023;932544300;41408747;2147877;4
BCN Urban Hotels Gran Ronda - HB-004557;Sant Antoni;49;10;8011;933271800;41383165;2163527;3
BCN Urban Hotels Gran Ronda - HB-004557;Sant Antoni;49;10;8011;933271800;41383165;2163527;3
Hotel Advance - HB-004450;Sepúlveda;180;10;8011;932892892;41383342;2162858;4
Hotel Advance - HB-004450;Sepúlveda;180;10;8011;932892892;41383342;2162858;4
Hotel Advance - HB-004450;Sepúlveda;180;10;8011;937690300;41383342;2162858;4
Hotel Advance - HB-004450;Sepúlveda;180;10;8011;937690300;41383342;2162858;4
Hotel Eurostars Anglí - HB-004300;Anglí;60;23;8017;932069944;41403128;2123142;4
Hotel Eurostars Anglí - HB-004300;Anglí;60;23;8017;932069944;41403128;2123142;4
Hotel Granados 83 - HB-004239;Enric Granados;83;8;8008;934929670;41391883;2156853;4
Hotel Granados 83 - HB-004239;Enric Granados;83;8;8008;934929670;41391883;2156853;4
Hotel Olivia Plaza - HB-004389;Catalunya;19;2;8002;933158700;41386275;2171027;4
Hotel Olivia Plaza - HB-004389;Catalunya;19;2;8002;933158700;41386275;2171027;4
Hotel Market - HB-004360;Sant Antoni Abat;10;10;8015;933251205;41379258;2160592;3
Hotel Market - HB-004360;Comte Borrell;68;10;8015;933251205;41379140;2160524;3
Hotel Market - HB-004360;Sant Antoni Abat;10;10;8015;933251205;41379258;2160592;3
Hotel Market - HB-004360;Comte Borrell;68;10;8015;933251205;41379140;2160524;3
Hotel Petit Palace Boqueria Garden - HB-004310;Boqueria;10;2;8002;933020753;41381421;2173966;4
Hotel Petit Palace Boqueria Garden - HB-004310;Boqueria;10;2;8002;933020753;41381421;2173966;4
Hotel Petit Palace Museum - HB-004308;Diputació;250;7;8007;933040087;41388923;2165263;4
Hotel Petit Palace Museum - HB-004308;Diputació;250;7;8007;933040087;41388923;2165263;4
Hotel ICON BCN by Petite Palace - HB-004309;Roger de Llúria;21;7;8010;933024717;41391037;2171491;4
Hotel ICON BCN by Petite Palace - HB-004309;Roger de Llúria;21;7;8010;933024717;41391037;2171491;4
Hotel Sunotel Aston - HB-004298;París;101;9;8029;933637070;41389415;2147439;3
Hotel Sunotel Aston - HB-004298;París;101;9;8029;933637070;41389415;2147439;3
Hotel Pestana Arena Barcelona - HB-004345;Consell de Cent;51;15;8014;932893921;41376795;2146054;4
Hotel Pestana Arena Barcelona - HB-004345;Consell de Cent;51;15;8014;932893921;41376795;2146054;4
Hotel Ciutat de Barcelona - HB-004456;Princesa;33;4;8003;932697475;41385908;2181058;3
Hotel Ciutat de Barcelona - HB-004456;Princesa;33;4;8003;932697475;41385908;2181058;3
Hotel Catalonia Ramblas - HB-004379;Pelai;28;1;8001;933168400;41385654;2166882;4
Hotel Catalonia Ramblas - HB-004379;Pelai;28;1;8001;933168400;41385654;2166882;4
Hotel Pullman Barcelona Skipper - HB-004318;Litoral;10;3;8005;932216565;41386055;2194764;5
Hotel Pullman Barcelona Skipper - HB-004318;Litoral;10;3;8005;932216565;41386055;2194764;5
Hotel Villa Emilia by Katja & Antoine - HB-004329;Calàbria;115;9;8015;932525285;41380284;2154123;4
Hotel Villa Emilia by Katja & Antoine - HB-004329;Calàbria;115;9;8015;932525285;41380284;2154123;4
Hotel Barcelona Catedral - HB-004271;Capellans;4;2;8002;933042255;41384815;2175066;4
Hotel Barcelona Catedral - HB-004271;Capellans;4;2;8002;933042255;41384815;2175066;4
Hotel NH Collection Constanza - HB-004287;Deu i Mata;69;19;8029;932811500;41388934;2136317;4
Hotel NH Collection Constanza - HB-004287;Deu i Mata;69;19;8029;916008146;41388934;2136317;4
Hotel NH Collection Constanza - HB-004287;Deu i Mata;69;19;8029;916008146;41388934;2136317;4
Hotel NH Collection Constanza - HB-004287;Deu i Mata;69;19;8029;932811500;41388934;2136317;4
Hotel H10 Casanova - HB-004363;Corts Catalanes;559;8;8011;933964800;41384257;2160946;4
Hotel H10 Casanova - HB-004363;Corts Catalanes;559;8;8011;933964800;41384257;2160946;4
Hotel 54 Barceloneta - HB-004371;Joan Borbó Comte Barcelona;54;3;8003;932250054;41377084;2188823;3
Hotel 54 Barceloneta - HB-004371;Joan Borbó Comte Barcelona;54;3;8003;932250054;41377084;2188823;3
Hotel 54 Barceloneta - HB-004371;Joan Borbó Comte Barcelona;54;3;8003;932259977;41377084;2188823;3
Hotel 54 Barceloneta - HB-004371;Joan Borbó Comte Barcelona;54;3;8003;932259977;41377084;2188823;3
Hotel 54 Barceloneta - HB-004371;Joan Borbó Comte Barcelona;54;3;8003;932250080;41377084;2188823;3
Hotel 54 Barceloneta - HB-004371;Joan Borbó Comte Barcelona;54;3;8003;932250080;41377084;2188823;3
Hotel Room Mate Carla - HB-004376;Mallorca;288;7;8037;900818320;41396377;2166105;4
Hotel Room Mate Carla - HB-004376;Mallorca;288;7;8037;934763396;41396377;2166105;4
Hotel Room Mate Carla - HB-004376;Mallorca;288;7;8037;934763396;41396377;2166105;4
Hotel Room Mate Carla - HB-004376;Mallorca;288;7;8037;900818320;41396377;2166105;4
Hotel Onix Liceo - HB-004333;Nou de la Rambla;36;1;8001;934816441;41378059;2173095;4
Hotel Onix Liceo - HB-004333;Nou de la Rambla;36;1;8001;934816441;41378059;2173095;4
Ayre Hotel Gran Via - HB-004314;Corts Catalanes;322;14;8004;933675500;41373347;2147313;4
Ayre Hotel Gran Via - HB-004314;Corts Catalanes;322;14;8004;933675500;41373347;2147313;4
Ayre Hotel Caspe - HB-004182;Casp;103;5;8013;932467000;41396106;2179489;4
Ayre Hotel Caspe - HB-004182;Casp;103;5;8013;932467000;41396106;2179489;4
Abac restaurant & hotel - HB-004321;Tibidabo;1;25;8022;933196600;41410687;2136547;5
Abac restaurant & hotel - HB-004321;Tibidabo;1;25;8022;933196600;41410687;2136547;5
Hotel Ilunion Barcelona - HB-004313;Ramon Turró;196;68;8005;932438800;41398794;2202615;4
Hotel Ilunion Barcelona - HB-004313;Ramon Turró;196;68;8005;932438800;41398794;2202615;4
Hotel Murmuri - HB-004374;Catalunya;104;7;8008;934922244;41394090;2159647;4
Hotel Murmuri - HB-004374;Catalunya;104;7;8008;935500600;41394090;2159647;4
Hotel Murmuri - HB-004374;Catalunya;104;7;8008;934922244;41394090;2159647;4
Hotel Murmuri - HB-004374;Catalunya;104;7;8008;935500600;41394090;2159647;4
Hotel Ciutat Vella - HB-004398;Tallers;66;1;8001;934813799;41385039;2166572;3
Hotel Ciutat Vella - HB-004398;Tallers;66;1;8001;934813799;41385039;2166572;3
Hotel Eurostars BCN Design - HB-004437;Gràcia;29;7;8007;933444555;41390828;2166090;5
Hotel Eurostars BCN Design - HB-004437;Gràcia;29;7;8007;933444555;41390828;2166090;5
Hotel Barceló Raval - HB-004337;Raval;17;1;8001;933201490;41379023;2169491;4
Hotel Barceló Raval - HB-004337;Raval;17;1;8001;933201490;41379023;2169491;4
Hotel Exe Ramblas Boqueria - HB-004339;Rambla;91;1;8002;933435461;41382180;2172166;3
Hotel Exe Ramblas Boqueria - HB-004339;Rambla;91;1;8002;933435461;41382180;2172166;3
Capri by Fraser Hotel Residences - HB-004373;Sancho de Ávila;32;66;8018;933208735;41397756;2188893;4
Capri by Fraser Hotel Residences - HB-004373;Sancho de Ávila;32;66;8018;933208735;41397756;2188893;4
Hotel & Spa Villa Olimpic@ Suites - HB-004383;Pallars;121;66;8018;902505105;41397244;2192310;4
Hotel & Spa Villa Olimpic@ Suites - HB-004383;Pallars;121;66;8018;933569727;41397244;2192310;4
Hotel & Spa Villa Olimpic@ Suites - HB-004383;Pallars;121;66;8018;902505105;41397244;2192310;4
Hotel & Spa Villa Olimpic@ Suites - HB-004383;Pallars;121;66;8018;933569727;41397244;2192310;4
Hotel NH Barcelona Ramblas - HB-004369;Hospital;26;1;8001;916008146;41380984;2172131;3
Hotel NH Barcelona Ramblas - HB-004369;Hospital;26;1;8001;931516100;41380984;2172131;3
Hotel NH Barcelona Ramblas - HB-004369;Hospital;26;1;8001;916008146;41380984;2172131;3
Hotel NH Barcelona Ramblas - HB-004369;Hospital;26;1;8001;931516100;41380984;2172131;3
Hotel W Barcelona - HB-004411;Rosa dels Vents;1;3;8039;932952800;41368361;2190006;5
Hotel W Barcelona - HB-004411;Rosa dels Vents;1;3;8039;932952800;41368361;2190006;5
Hotel AC Sants - HB-004335;Sant Antoni;36;18;8014;934324512;41377530;2138762;4
Hotel AC Sants - HB-004335;Sant Antoni;36;18;8014;934324512;41377530;2138762;4
Hotel Novotel Barcelona City - HB-004414;Diagonal;199;66;8018;933262499;41404113;2191113;4
Hotel Novotel Barcelona City - HB-004414;Diagonal;199;66;8018;933262499;41404113;2191113;4
Hotel Mandarin Oriental Barcelona - HB-004403;Gràcia;38;7;8007;931518888;41391205;2166669;5
Hotel Mandarin Oriental Barcelona - HB-004403;Gràcia;38;7;8007;931518888;41391205;2166669;5
Hotel Alma Barcelona - HB-004465;Mallorca;269;7;8008;932164490;41394535;2163285;5
Hotel Alma Barcelona - HB-004465;Mallorca;269;7;8008;932164490;41394535;2163285;5
Hotel 4 Barcelona - HB-004552;Doctor Trueta;164;68;8005;933290954;41396237;2200536;4
Hotel 4 Barcelona - HB-004552;Doctor Trueta;164;68;8005;933290954;41396237;2200536;4
Hotel Bagués - HB-004440;Rambla;105;1;8002;933435000;41382830;2171593;5
Hotel Bagués - HB-004440;Rambla;105;1;8002;933435000;41382830;2171593;5
Hotel Teatre Auditori - HB-004521;Ribes;71;5;8013;932456485;41399897;2184053;3
Hotel Teatre Auditori - HB-004521;Ribes;71;5;8013;932456485;41399897;2184053;3
Hotel Sant Antoni - HB-004429;Consell de Cent;476;5;8013;932444415;41399804;2177480;3
Hotel Sant Antoni - HB-004429;Consell de Cent;476;5;8013;932444415;41399804;2177480;3
Hotel The Mirror Barcelona - HB-004490;Còrsega;255;8;8036;932028686;41393069;2154552;4
Hotel The Mirror Barcelona - HB-004490;Còrsega;255;8;8036;932028686;41393069;2154552;4
Hotel-Apartament República - HB-004493;Pujades;120;68;8005;934864390;41397889;2195863;4
Hotel-Apartament República - HB-004493;Pujades;120;68;8005;934864390;41397889;2195863;4
Hotel Ohla - HB-004451;Laietana;49;2;8003;933415050;41387089;2174360;5
Hotel Ohla - HB-004451;Laietana;49;2;8003;933415050;41387089;2174360;5
Leonardo Boutique Hotel Barcelona Sagrada Familia- HB-004455;Mallorca;606;64;8026;932314258;41411053;2185669;3
Leonardo Boutique Hotel Barcelona Sagrada Familia- HB-004455;Mallorca;606;64;8026;932314258;41411053;2185669;3
Hotel Grums Barcelona - HB-004581;Palaudàries;26;11;8004;934420666;41372823;2172085;4
Hotel Grums Barcelona - HB-004581;Palaudàries;26;11;8004;934420666;41372823;2172085;4
Hotel Duquesa de Cardona - HB-004147;Colom;12;2;8002;932689090;41379876;2180597;4
Hotel Duquesa de Cardona - HB-004147;Colom;12;2;8002;932689090;41379876;2180597;4
Hotel Laumon - HB-004459;Monlau;8;61;8027;932435279;41423233;2190600;3
Hotel Laumon - HB-004459;Monlau;8;61;8027;932435279;41423233;2190600;3
Hotel Catalonia Port - HB-004432;Ample;1;2;8002;933424244;41378766;2178764;4
Hotel Catalonia Port - HB-004432;Ample;1;2;8002;933424244;41378766;2178764;4
Hotel Catalonia Rigoletto - HB-004346;Sabino Arana;22;20;8028;933391999;41385595;2125305;4
Hotel Catalonia Rigoletto - HB-004346;Sabino Arana;22;20;8028;933391999;41385595;2125305;4
Aparthotel Aramunt - HB-004446;Muntaner;60;8;8011;934510402;41386922;2159267;3
Aparthotel Aramunt - HB-004446;Muntaner;60;8;8011;934510402;41386922;2159267;3
Hotel NH Diagonal Center - HB-004466;Àlaba;94;66;8018;933090629;41397961;2192169;3
Hotel NH Diagonal Center - HB-004466;Àlaba;94;66;8018;933090629;41397961;2192169;3
Hotel Primeroprimera - HB-004645;Doctor Carulla;25;24;8017;934175600;41400302;2129836;4
Hotel Primeroprimera - HB-004645;Doctor Carulla;25;24;8017;934175600;41400302;2129836;4
Ako Suite Hotel - HB-004526;Diputació;195;8;8011;934533419;41386009;2161021;4
Ako Suite Hotel - HB-004526;Diputació;195;8;8011;934533419;41386009;2161021;4
Hotel Eurostars Ramblas - HB-004555;Rambla;22;2;8002;932703696;41378121;2176226;4
Hotel Eurostars Ramblas - HB-004555;Rambla;22;2;8002;932703696;41378121;2176226;4
Hotel DO: Plaça Reial - HB-004530;Reial;1;2;8002;934813666;41380048;2174902;5
Hotel DO: Plaça Reial - HB-004530;Reial;1;2;8002;934813666;41380048;2174902;5
Hotel Vincci Bit - HB-004482;Josep Pla;69;69;8019;931657420;41411577;2211988;4
Hotel Vincci Bit - HB-004482;Josep Pla;69;69;8019;931657420;41411577;2211988;4
Hotel Catalonia Catedral - HB-004515;Arcs;10;2;8002;933436775;41384733;2174482;4
Hotel Catalonia Catedral - HB-004515;Arcs;10;2;8002;933436775;41384733;2174482;4
Hotel HCC Lugano - HB-004598;Paral·lel;172;10;8015;935579797;41375220;2155675;3
Hotel HCC Lugano - HB-004598;Paral·lel;172;10;8015;935579797;41375220;2155675;3
Hotel Andante - HB-004488;Drassanes;23;1;8001;934412545;41376703;2172629;3
Hotel Andante - HB-004488;Drassanes;23;1;8001;934412545;41376703;2172629;3
Hotel Ofelias - HB-004547;Llança;24;9;8015;934233898;41376789;2150104;4
Hotel Ofelias - HB-004547;Llança;24;9;8015;934233898;41376789;2150104;4
Hotel Ofelias - HB-004547;Llança;24;9;8015;937690300;41376789;2150104;4
Hotel Ofelias - HB-004547;Llança;24;9;8015;937690300;41376789;2150104;4
Hotel Room Mate Pau - HB-004531;Fontanella;5;7;8010;933436300;41387471;2171749;3
Hotel Room Mate Pau - HB-004531;Fontanella;5;7;8010;933436300;41387471;2171749;3
Hotel Room Mate Pau - HB-004531;Fontanella;5;7;8010;900818320;41387471;2171749;3
Hotel Room Mate Pau - HB-004531;Fontanella;5;7;8010;900818320;41387471;2171749;3
Musik Boutique Hotel - HB-004538;Sant Pere Més Baix;62;4;8003;932225544;41388045;2178428;3
Musik Boutique Hotel - HB-004538;Sant Pere Més Baix;62;4;8003;932225544;41388045;2178428;3
Hotel Mercer Barcelona - HB-004504;Lledó;7;2;8002;933107480;41382651;2178941;5
Hotel Mercer Barcelona - HB-004504;Lledó;7;2;8002;933107480;41382651;2178941;5
Hotel Ciutadella Barcelona - HB-004539;Marquès de l'Argentera;4;4;8003;932689070;41383873;2184667;4
Hotel Ciutadella Barcelona - HB-004539;Marquès de l'Argentera;4;4;8003;933191944;41383873;2184667;4
Hotel Ciutadella Barcelona - HB-004539;Marquès de l'Argentera;4;4;8003;933191944;41383873;2184667;4
Hotel Ciutadella Barcelona - HB-004539;Marquès de l'Argentera;4;4;8003;932689070;41383873;2184667;4
Hotel Catalonia Gran Via - HB-004524;Corts Catalanes;550;10;8011;932360000;41383204;2160424;4
Hotel Catalonia Gran Via - HB-004524;Corts Catalanes;550;10;8011;932360045;41383204;2160424;4
Hotel Catalonia Gran Via - HB-004524;Corts Catalanes;550;10;8011;932360045;41383204;2160424;4
Hotel Catalonia Gran Via - HB-004524;Corts Catalanes;550;10;8011;932360000;41383204;2160424;4
Hotel Dalia Ramblas - HB-004502;Sant Pau;22;1;8001;934120718;41380167;2172866;3
Hotel Dalia Ramblas - HB-004502;Sant Pau;22;1;8001;934120718;41380167;2172866;3
Hotel Ibis Barcelona Plaça Glories 22 - HB-004372;Ciutat de Granada;99;66;8018;933007777;41401091;2194361;2
Hotel Ibis Barcelona Plaça Glories 22 - HB-004372;Ciutat de Granada;99;66;8018;933007777;41401091;2194361;2
Hotel Ibis Barcelona Centro (Sagrada Familia) - HB-004593;Nàpols;230;6;8013;932080536;41400790;2172501;2
Hotel Ibis Barcelona Centro (Sagrada Familia) - HB-004593;Nàpols;230;6;8013;932080536;41400790;2172501;2
Aparthotel Arai - HB-004508;Avinyó;30;2;8002;933203950;41380856;2177357;4
Aparthotel Arai - HB-004508;Avinyó;30;2;8002;933203950;41380856;2177357;4
Hotel Indigo Barcelona - Plaza Catalunya - HB-004554;Corts Catalanes;629;7;8010;936026690;41391268;2170279;4
Hotel Indigo Barcelona - Plaza Catalunya - HB-004554;Corts Catalanes;629;7;8010;936026690;41391268;2170279;4
Hotel Travelodge Barcelona Poblenou - HB-004514;Llull;170;68;8005;912648245;41400043;2201064;1
Hotel Travelodge Barcelona Poblenou - HB-004514;Llull;170;68;8005;936241802;41400043;2201064;1
Hotel Travelodge Barcelona Poblenou - HB-004514;Llull;170;68;8005;912648245;41400043;2201064;1
Hotel Travelodge Barcelona Poblenou - HB-004514;Llull;170;68;8005;936241802;41400043;2201064;1
Hotel Royal Passeig de Gràcia - HB-004545;Gràcia;84;7;8008;937370010;41394602;2162457;4
Hotel Royal Passeig de Gràcia - HB-004545;Gràcia;84;7;8008;937370010;41394602;2162457;4
Hotel Grupotel Gran Via 678 - HB-004421;Corts Catalanes;678;7;8010;931924560;41392479;2172771;4
Hotel Grupotel Gran Via 678 - HB-004421;Corts Catalanes;678;7;8010;931924560;41392479;2172771;4
Hotel Catalonia Passeig de Gràcia - HB-004535;Corts Catalanes;644;7;8007;932702735;41390173;2169698;4
Hotel Catalonia Passeig de Gràcia - HB-004535;Corts Catalanes;644;7;8007;932702735;41390173;2169698;4
Hotel The Level at Melia Barcelona Sky - HB-004532;Lope de Vega;141;68;8005;933672080;41406247;2201028;5
Hotel The Level at Melia Barcelona Sky - HB-004532;Lope de Vega;141;68;8005;933672080;41406247;2201028;5
Hotel Holiday Inn Express Barcelona City 22@ - HB-004325;Pallars;203;68;8005;934338400;41401582;2197913;3
Hotel Holiday Inn Express Barcelona City 22@ - HB-004325;Pallars;203;68;8005;934338400;41401582;2197913;3
Hotel Olivia Balmes - HB-004607;Balmes;117;8;8008;932142045;41392184;2158709;4
Hotel Olivia Balmes - HB-004607;Balmes;117;8;8008;932142045;41392184;2158709;4
Hotel Olivia Balmes - HB-004607;Balmes;117;8;8008;932144163;41392184;2158709;4
Hotel Olivia Balmes - HB-004607;Balmes;117;8;8008;932144163;41392184;2158709;4
Hotel Sunotel Central - HB-004348;Corts Catalanes;570;10;8011;934527374;41384204;2161755;4
Hotel Sunotel Central - HB-004348;Corts Catalanes;570;10;8011;934527374;41384204;2161755;4
Hotel Sunotel Club Central - HB-004564;València;157;8;8011;934520533;41387992;2156868;4
Hotel Sunotel Club Central - HB-004564;València;157;8;8011;934520533;41387992;2156868;4
Hotel H10 Port Vell - HB-004568;Sota Muralla;9;4;8003;933103065;41381597;2183858;4
Hotel H10 Port Vell - HB-004568;Sota Muralla;9;4;8003;933103065;41381597;2183858;4
Hotel Center Gran Via - HB-004572;Corts Catalanes;573;8;8011;934512898;41385113;2162087;1
Hotel Center Gran Via - HB-004572;Corts Catalanes;573;8;8011;934512898;41385113;2162087;1
Hotel Catalonia Square - HB-004596;Sant Pere;9;7;8010;933023386;41388600;2171310;4
Hotel Catalonia Square - HB-004596;Sant Pere;9;7;8010;933023386;41388600;2171310;4
BarcelonaGo Hotel & Apartments - HB-004599;Lepant;143;5;8013;932317552;41398427;2184473;2
BarcelonaGo Hotel & Apartments - HB-004599;Lepant;143;5;8013;932317552;41398427;2184473;2
Hotel Vincci Gala - HB-004592;Sant Pere;32;7;8010;935083200;41389573;2174774;4
Hotel Vincci Gala - HB-004592;Sant Pere;32;7;8010;935083200;41389573;2174774;4
Hotel H10 Urquinaona Plaza - HB-004591;Urquinaona;2;7;8010;932382040;41389227;2172596;4
Hotel H10 Urquinaona Plaza - HB-004591;Urquinaona;2;7;8010;932382040;41389227;2172596;4
Hotel Room Mate Emma - HB-004428;Rosselló;205;8;8008;900818320;41392744;2156407;3
Hotel Room Mate Emma - HB-004428;Rosselló;205;8;8008;932385606;41392744;2156407;3
Hotel Room Mate Emma - HB-004428;Rosselló;205;8;8008;900818320;41392744;2156407;3
Hotel Room Mate Emma - HB-004428;Rosselló;205;8;8008;932385606;41392744;2156407;3
Hotel H10 Metropolitan - HB-004625;Catalunya;7;7;8007;932140720;41387821;2167688;4
Hotel H10 Metropolitan - HB-004625;Catalunya;7;7;8007;932140720;41387821;2167688;4
Hotel Brustar Centric - HB-004505;Sant Pere;60;7;8010;932457844;41390806;2178070;2
Hotel Brustar Centric - HB-004505;Sant Pere;60;7;8010;932457844;41390806;2178070;2
Hotel H Top BCN City - HB-003989;Gràcia;380;33;8025;934360146;41410997;2173217;2
Hotel H Top BCN City - HB-003989;Gràcia;380;33;8025;934360146;41410997;2173217;2
Hotel Yurbban Trafalgar - HB-004627;Trafalgar;30;4;8010;932680727;41388980;2176057;3
Hotel Yurbban Trafalgar - HB-004627;Trafalgar;30;4;8010;932680727;41388980;2176057;3
Hotel Victoria Palace - HB-004635;Roger de Llúria;42;7;8009;932693939;41392162;2170378;2
Hotel Victoria Palace - HB-004635;Roger de Llúria;42;7;8009;932693939;41392162;2170378;2
Hotel H10 Art Gallery - HB-004616;Enric Granados;62;8;8008;932142030;41392014;2157042;4
Hotel H10 Art Gallery - HB-004616;Enric Granados;62;8;8008;932142030;41392014;2157042;4
Hotel Praktik Vinoteca - HB-004628;Balmes;51;8;8007;934545028;41389361;2162441;1
Hotel Praktik Vinoteca - HB-004628;Balmes;51;8;8007;934545028;41389361;2162441;1
Hotel The Serras - HB-004647;Colom;9;2;8002;931691868;41380193;2180852;5
Hotel The Serras - HB-004647;Colom;9;2;8002;931691868;41380193;2180852;5
Hotel Cotton House - HB-004691;Corts Catalanes;670;7;8010;934505045;41391785;2171844;5
Hotel Cotton House - HB-004691;Corts Catalanes;670;7;8010;934505045;41391785;2171844;5
Hotel Two by Axel - HB-004688;Calàbria;90;10;8015;935392313;41379087;2156074;4
Hotel Two by Axel - HB-004688;Calàbria;90;10;8015;935392313;41379087;2156074;4
We Boutique Hotel - HB-004623;Sant Pere;70;7;8010;932503991;41391137;2178957;3
We Boutique Hotel - HB-004623;Sant Pere;70;7;8010;932503991;41391137;2178957;3
Hotel Àmbit Barcelona - HB-004669;Roger de Llúria;17;7;8010;937075150;41390821;2171777;4
Hotel Àmbit Barcelona - HB-004669;Roger de Llúria;17;7;8010;937075150;41390821;2171777;4
Hotel Boutique Hostemplo - HB-004686;Gaiolà;19;6;8013;934765575;41401246;2173388;3
Hotel Boutique Hostemplo - HB-004686;Gaiolà;19;6;8013;934765575;41401246;2173388;3
Hotel H10 Cubik - HB-004696;Laietana;69;2;8003;933202200;41388090;2173146;4
Hotel H10 Cubik - HB-004696;Laietana;69;2;8003;933202200;41388090;2173146;4
Hotel Casa Bonay - HB-004703;Corts Catalanes;700;7;8010;935458070;41393630;2174300;4
Hotel Casa Bonay - HB-004703;Corts Catalanes;700;7;8010;935458070;41393630;2174300;4
Hotel  Negresco Princess - HB-004699;Roger de Llúria;16;7;8010;932150052;41390440;2172655;4
Hotel  Negresco Princess - HB-004699;Roger de Llúria;16;7;8010;932150052;41390440;2172655;4
Hotel Ohla Eixample - HB-004718;Còrsega;289;7;8008;937377977;41394485;2156453;5
Hotel Ohla Eixample - HB-004718;Còrsega;289;7;8008;937377977;41394485;2156453;5
Hotel Bestprice Gracia - HB-004719;Martí;122;32;8024;934614260;41409752;2160867;1
Hotel Bestprice Gracia - HB-004719;Martí;122;32;8024;934614260;41409752;2160867;1
Hotel H10 Casa Mimosa - HB-004739;Pau Claris;179;7;8037;932142330;41396325;2162243;4
Hotel H10 Casa Mimosa - HB-004739;Pau Claris;179;7;8037;932142330;41396325;2162243;4
Aparthotel Duquesa Suites - HB-004711;Antonio López;5;2;8002;937379125;41381149;2181491;4
Aparthotel Duquesa Suites - HB-004711;Antonio López;5;2;8002;937379125;41381149;2181491;4
Hotel The Wittmore - HB-004730;Riudarenes;7;2;8002;935500885;41381004;2179716;5
Hotel The Wittmore - HB-004730;Riudarenes;7;2;8002;935500885;41381004;2179716;5
Hotel The One Barcelona - HB-004745;Provença;277;7;8037;932142070;41396166;2163183;5
Hotel The One Barcelona - HB-004745;Provença;277;7;8037;902100906;41396166;2163183;5
Hotel The One Barcelona - HB-004745;Provença;277;7;8037;902100906;41396166;2163183;5
Hotel The One Barcelona - HB-004745;Provença;277;7;8037;932142070;41396166;2163183;5
Hotel The Corner - HB-004737;Muntaner;110;8;8036;935542400;41388942;2156594;4
Hotel The Corner - HB-004737;Mallorca;178;8;8036;935542400;41389208;2156593;4
Hotel The Corner - HB-004737;Muntaner;110;8;8036;935542400;41388942;2156594;4
Hotel The Corner - HB-004737;Mallorca;178;8;8036;935542400;41389208;2156593;4
Hotel Soho House -  HB-004750;Duc de Medinaceli;4;2;8002;932204600;41378473;2179360;5
Hotel Soho House -  HB-004750;Duc de Medinaceli;4;2;8002;932204600;41378473;2179360;5
Hotel Apartament Murmuri Residence Mercader - HB-004738;Mercader;13;7;8008;934922244;41392451;2160104;4
Hotel Apartament Murmuri Residence Mercader - HB-004738;Mercader;13;7;8008;935500600;41392451;2160104;4
Hotel Apartament Murmuri Residence Mercader - HB-004738;Mercader;13;7;8008;935500600;41392451;2160104;4
Hotel Apartament Murmuri Residence Mercader - HB-004738;Mercader;13;7;8008;934922244;41392451;2160104;4
Hotel Ibis Styles Barcelona City Bogatell - HB-004742;Llull;71;66;8005;934833748;41394718;2193425;2
Hotel Ibis Styles Barcelona City Bogatell - HB-004742;Llull;71;66;8005;934833748;41394718;2193425;2
Hotel Room Mate Anna - HB-004733;Aragó;271;7;8007;900818320;41392865;2165527;4
Hotel Room Mate Anna - HB-004733;Aragó;271;7;8007;900818320;41392865;2165527;4
Hotel Room Mate Anna - HB-004733;Aragó;271;7;8007;935959555;41392865;2165527;4
Hotel Room Mate Anna - HB-004733;Aragó;271;7;8007;935959555;41392865;2165527;4
Hotel Od Barcelona - HB-004762;Aragó;300;7;8009;932150899;41393828;2167342;5
Hotel Od Barcelona - HB-004762;Aragó;300;7;8009;932150899;41393828;2167342;5
Hotel Golden Tulip - HB-004757;Àvila;135;66;8018;934833876;41400205;2190999;4
Hotel Golden Tulip - HB-004757;Àvila;135;66;8018;900800385;41400205;2190999;4
Hotel Golden Tulip - HB-004757;Àvila;135;66;8018;900800385;41400205;2190999;4
Hotel Golden Tulip - HB-004757;Àvila;135;66;8018;934833876;41400205;2190999;4
Hotel SB Glow - HB-004760;Badajoz;148;66;8018;935147000;41402145;2191045;4
Hotel SB Glow - HB-004760;Badajoz;148;66;8018;935147000;41402145;2191045;4
Yurbban Passage Hotel & Spa - HB-004755;Trafalgar;26;4;8010;938828977;41388850;2175903;4
Yurbban Passage Hotel & Spa - HB-004755;Trafalgar;26;4;8010;938828977;41388850;2175903;4
Hotel Arya by Ona Hotels - HB-004761;Sants;383;17;8028;931317500;41375563;2124785;3
Hotel Arya by Ona Hotels - HB-004761;Sants;383;17;8028;931317500;41375563;2124785;3
Hotel Niu Barcelona - HB-004756;Raval;8;1;8001;936550255;41378825;2168762;3
Hotel Niu Barcelona - HB-004756;Raval;8;1;8001;936550255;41378825;2168762;3
Hotel Sofía - HB-003487;Pius XII;4;20;8028;935081000;41386559;2123135;5
Hotel Sofía - HB-003487;Pius XII;4;20;8028;935081000;41386559;2123135;5
Hotel REC Barcelona - HB-004769;Rec;19;4;8003;935569960;41386151;2182260;3
Hotel REC Barcelona - HB-004769;Rec;19;4;8003;935569960;41386151;2182260;3
Hotel Iberostar Paseo de Gracia - HB-004805;Catalunya;10;7;8002;900811676;41387869;2169363;4
Hotel Iberostar Paseo de Gracia - HB-004805;Catalunya;10;7;8002;900811676;41387869;2169363;4
Hotel H10 Madison- HB-004807;Doctor Joaquim Pou;2;2;8002;932382137;41386140;2175475;4
Hotel H10 Madison- HB-004807;Doctor Joaquim Pou;2;2;8002;932382137;41386140;2175475;4
Hotel Le Palacete - HB-004768;Legalitat;10;31;8024;932845025;41407683;2159584;4
Hotel Le Palacete - HB-004768;Legalitat;10;31;8024;932845025;41407683;2159584;4
Motel One Barcelona-Ciutadella - HB-004822;Pujades;11;66;8018;936261900;41390144;2184650;1
Motel One Barcelona-Ciutadella - HB-004822;Pujades;11;66;8018;936261900;41390144;2184650;1
Hotel  Almanac - HB-004806;Corts Catalanes;619;7;8007;930187000;41390553;2169329;5
Hotel  Almanac - HB-004806;Corts Catalanes;619;7;8007;930187000;41390553;2169329;5
Hotel Vincci Mae - HB-000069;Diagonal;596;26;8021;937076177;41393390;2146045;4
Hotel Vincci Mae - HB-000069;Diagonal;596;26;8021;937076177;41393390;2146045;4
Hotel Upper Diagonal - HB-004716;Manuel Girona;7;23;8034;932046573;41390493;2121670;4
Hotel Upper Diagonal - HB-004716;Manuel Girona;7;23;8034;932046573;41390493;2121670;4
Hotel Catalonia Magdalenes - HB-004727;Magdalenes;13;2;8002;934813517;41386123;2174611;4
Hotel Catalonia Magdalenes - HB-004727;Magdalenes;13;2;8002;934813517;41386123;2174611;4
Hotel Well & Come - HB-004731;Girona;158;7;8037;937379799;41399165;2165621;4
Hotel Well & Come - HB-004731;Girona;158;7;8037;937379799;41399165;2165621;4
Hotel Room Mate Gerard - HB-004752;Ausiàs Marc;34;7;8010;900818320;41391644;2176188;4
Hotel Room Mate Gerard - HB-004752;Ausiàs Marc;34;7;8010;900818320;41391644;2176188;4
Hotel Room Mate Gerard - HB-004752;Ausiàs Marc;34;7;8010;931828031;41391644;2176188;4
Hotel Room Mate Gerard - HB-004752;Ausiàs Marc;34;7;8010;931828031;41391644;2176188;4
Hotel Barcelona 1882 - HB-004770;Còrsega;482;32;8025;933478486;41403984;2169413;4
Hotel Barcelona 1882 - HB-004770;Còrsega;482;32;8025;933478486;41403984;2169413;4
Hotel Chi - HB-004736;Corts Catalanes;455;9;8015;933257804;41379265;2154306;3
Hotel Chi - HB-004736;Corts Catalanes;455;9;8015;933257804;41379265;2154306;3
Hotel chic&basic Lemon - HB-004087;Pelai;6;1;8001;933426666;41385813;2165145;2
Hotel chic&basic Lemon - HB-004087;Pelai;6;1;8001;933426666;41385813;2165145;2
Hotel Omnium - HB-004694;Bruc;42;7;8010;933172124;41391823;2173081;2
Hotel Omnium - HB-004694;Bruc;42;7;8010;933172124;41391823;2173081;2
Hotel Boutique Serennia Exclusive Rooms - HB-004704;Universitat;9;7;8007;932157255;41386415;2165483;2
Hotel Boutique Serennia Exclusive Rooms - HB-004704;Universitat;9;7;8007;932157255;41386415;2165483;2
Aparthotel Mayerling Abamita - HB-004726;Ausiàs Marc;25;7;8010;637834836;41391104;2175093;2
Aparthotel Mayerling Abamita - HB-004726;Ausiàs Marc;25;7;8010;637834836;41391104;2175093;2
Hotel Ibis Styles Barcelona Centre - HB-004728;Provença;340;7;8037;934573587;41397798;2165716;2
Hotel Ibis Styles Barcelona Centre - HB-004728;Provença;340;7;8037;934573587;41397798;2165716;2
Hotel Jaume I - HB-000371;Jaume I;11;2;8002;932693074;41383357;2177896;1
Hotel Jaume I - HB-000371;Jaume I;11;2;8002;932693074;41383357;2177896;1
Hotel chic&basic Zoo - HB-002223;Picasso;22;4;8003;932954652;41387093;2183506;1
Hotel chic&basic Zoo - HB-002223;Picasso;22;4;8003;932954652;41387093;2183506;1
Hotel Brumell - HB-004690;Nou de la Rambla;174;11;8004;931258622;41371682;2166487;3
Hotel Brumell - HB-004690;Nou de la Rambla;174;11;8004;931258622;41371682;2166487;3
Hotel Boutique 2015 - HB-004767;Universitat;9;7;8007;938023600;41386415;2165483;2
Hotel Boutique 2015 - HB-004767;Universitat;9;7;8007;932157255;41386415;2165483;2
Hotel Boutique 2015 - HB-004767;Universitat;9;7;8007;938023600;41386415;2165483;2
Hotel Boutique 2015 - HB-004767;Universitat;9;7;8007;932157255;41386415;2165483;2
Hotel The Barcelona Edition - HB-004837;Francesc Cambó;14;4;8003;936263330;41386019;2177758;5
Hotel The Barcelona Edition - HB-004837;Francesc Cambó;14;4;8003;936263330;41386019;2177758;5
Hotel Exe Plaza Catalunya- HB-004828;Universitat;18;7;8007;932408419;41386839;2167471;5
Hotel Exe Plaza Catalunya- HB-004828;Universitat;18;7;8007;932408419;41386839;2167471;5
Hotel La Casa del Sol - HB-004855;Maspons;11;31;8012;932753941;41401239;2156399;3
Hotel La Casa del Sol - HB-004855;Maspons;11;31;8012;932753941;41401239;2156399;3
Hotel Seventy - HB-004892;Còrsega;344;7;8037;930121270;41398028;2161487;4
Hotel Seventy - HB-004892;Còrsega;344;7;8037;930121270;41398028;2161487;4
Hotel Terra by Ona - HB-004905;Creu Coberta;20;15;8014;936268844;41375305;2147688;3
Hotel Terra by Ona - HB-004905;Creu Coberta;20;15;8014;936268844;41375305;2147688;3
Hotel Raval House - HB-001213;Hospital;101;1;8001;933437167;41380019;2169023;3
Hotel Raval House - HB-001213;Hospital;101;1;8001;933437167;41380019;2169023;3
Hotel Acta Voraport - HB-004893;Ramon Turró;196;68;8005;935955560;41399176;2202162;2
Hotel Acta Voraport - HB-004893;Ramon Turró;196;68;8005;935955560;41399176;2202162;2
Hotel Praktik Èssens - HB-004857;Gràcia;24;7;8007;933428730;41390203;2167920;2
Hotel Praktik Èssens - HB-004857;Gràcia;24;7;8007;933428730;41390203;2167920;2
Hotel Casa Volver - HB-004883;Rambla;129;1;8002;933174898;41385065;2170070;2
Hotel Casa Volver - HB-004883;Rambla;129;1;8002;933174898;41385065;2170070;2
Hotel Kimpton Vividora - HB-004063;Duc;15;2;8002;936425400;41384722;2172933;4
Hotel Kimpton Vividora - HB-004063;Duc;15;2;8002;936425400;41384722;2172933;4
